{"loss": [2.649803638458252, 1.7667323350906372, 1.5605908632278442, 1.492200493812561], "AUC": [0.7185303568840027, 0.7153186798095703, 0.6348025798797607, 0.55466628074646], "Precision": [0.14241757988929749, 0.09644607454538345, 0.06334742903709412, 0.04979066550731659], "Recall": [0.03567103296518326, 0.30983155965805054, 0.4416382312774658, 0.4881206750869751], "val_loss": [2.1194751262664795, 1.672776699066162, 1.5647910833358765, 1.503512978553772], "val_AUC": [0.7571516036987305, 0.739608883857727, 0.6196753978729248, 0.5605403184890747], "val_Precision": [0.125, 0.11500687897205353, 0.0675765872001648, 0.05152905732393265], "val_Recall": [0.0002337814075872302, 0.2833430767059326, 0.23670367896556854, 0.3045002818107605], "lr": [9.999999747378752e-06, 9.999999747378752e-06, 9.999999747378752e-06, 9.999999747378752e-06]}