{
  "loss": 3.784780740737915,
  "AUC": 0.7291592955589294,
  "Precision": 0.1111111119389534,
  "Recall": 7.351319800363854e-05
}