{
  "loss": 0.25530362129211426,
  "AUC": 0.7295394539833069,
  "Precision": 0.0,
  "Recall": 0.0
}